"","PC1","PC2","PC3","PC4","PC5","PC6","PC7","PC8","PC9","PC10","PC11","PC12","PC13","PC14","PC15","PC16","PC17"
"call_duration",0.0177194830845014,0.296096275147673,-0.0545864697479062,-0.36167921193711,0.361504622706169,0.529714980438886,0.545473190421602,-0.115801822651601,-0.214147968195411,0.0186277143377831,0.0482899189529859,0.0284669522060352,-0.0786785274437987,0.0183080460304746,-0.00353521548808358,-0.00994404428397547,0.00116607844676023
"note_rate",0.0871048537779845,-0.249468994764418,-0.34755485342525,0.487382510148107,0.127365654045259,0.13133427886325,0.106845962127151,-0.0666165872779585,-0.461727770850747,-0.0287400196019418,-0.319201124819197,-0.0769133605136029,0.371600491381385,-0.230864955500734,0.0378109715679267,-0.088671487743499,-0.00399304493226623
"duration",-0.0708144435740359,0.211276699705325,0.527127826018732,0.0409571300016822,-0.160745183760441,0.0938626979286027,0.168481797846339,0.184985968007348,0.139915404814898,-0.0379379620802811,0.118416761017465,-0.225089364887028,0.525271789645131,-0.42537267122836,0.13383402503907,-0.114358002048534,0.00246420167164371
"break_s",-0.0854080867618338,0.153287728263638,-0.215171605149397,-0.667327586653556,0.0948763134355407,-0.285200351376076,-0.354829416915756,0.0321131414649542,-0.2596370723659,0.0262143113372963,-0.231813318022974,-0.0517027946681058,0.299493187506575,-0.197529148906026,0.00274505588786908,-0.084093912159964,-0.00224298658686789
"disttomax",-0.0252517632425884,0.201023404586342,0.513328872417497,0.0534779891203557,-0.269894404246259,-0.0254496109024338,0.00625885721897348,0.0416681023238954,-0.473650453406899,-0.0100879683233605,-0.512249347468451,0.217782376876546,-0.208502459770989,0.130400021036043,-0.101216007956103,0.110915043189398,-0.00448234693598789
"rms",0.268491613114489,-0.319439363393229,0.179749063506778,-0.116041160482935,0.165441380910578,0.0753238152192951,-0.0344776152607661,0.380824275635667,-0.00785815225181351,-0.0427849008826233,-0.0616407478221169,0.147078345581168,-0.128985263616412,0.0841304969577581,0.0783520700681042,-0.736743008435383,0.0294404751623681
"energy",0.185944274284375,-0.272663745643063,0.348075216318336,-0.120833402472167,0.0890016878548045,-0.010772051994633,-0.0964969514804603,-0.711748427919238,-0.0441301739638088,0.0611411381404059,0.0533353693343281,-0.0178140165263228,0.270968494482034,0.298209675881717,0.239387649361238,-0.0536479015137945,-0.00145802609864493
"peaktopeak",0.275911224108386,-0.303948768685685,0.206682565824547,-0.110670029649033,0.144157878779566,-0.00726189621894108,-0.0377905006243401,-0.165699877815988,0.00214976866771785,0.120262131010119,-0.0547786696443679,-0.311429370420711,-0.381561725430641,-0.573282198954765,-0.34068378053655,0.148458592244811,0.000156196890266197
"peak_freq_mean",0.32349129422857,0.0405120996823523,-0.13534732472649,-0.0680252122713636,-0.391021450388128,0.280173715937182,-0.205502204259567,-0.109337680147751,-0.0931018558340056,-0.0287637874091739,0.252037730382062,0.561205786568354,-0.0429345710887183,-0.380834743789188,0.218046230129779,0.0528276676864689,0.0010911658001997
"peak_ampl_mean",0.231447238358194,-0.350591455843952,0.129486541743375,-0.158730503792712,0.227528431498431,0.151682151283868,-0.0592140831334984,0.435245479989981,0.0250077389319691,-0.200618246986339,-0.0432340694456616,0.105420424711038,0.241583937168442,0.163402117723243,0.0771053498837504,0.606881889226789,-0.0257767337628388
"min_freq_mean",0.0811110900753015,-0.308262374935125,-0.0930805481070685,-0.221686538034625,-0.357547289447382,-0.476493809397423,0.653452997406225,0.0313630010219083,-0.136308092015223,-0.00233278404850179,0.133114880937391,0.089039868585273,0.0558360304017944,-0.00180961860608529,-0.0263128266152893,0.0236826940399811,-0.095437613339989
"max_freq_mean",0.330790632158438,0.232835749427121,-0.0232769937215957,0.0756837449764266,0.182948083455521,-0.26410404127457,0.15629988147012,-0.0890769872756393,0.264705379455473,-0.107739607524355,-0.209587879112216,0.235117816056621,0.105940266760241,-0.0549686558309111,-0.103010536439253,0.0227678875478931,0.698749774455155
"bandw_mean",0.314857228849515,0.269518602275199,-0.00819767208457528,0.102210226988997,0.224244051935495,-0.193427813980699,0.0690316038895608,-0.0930364292316944,0.288250741483544,-0.108789514838012,-0.222515763269418,0.222265258003411,0.0830222614350865,-0.058463702785136,-0.101192109048103,-0.0349800973735988,-0.707797113362521
"quart_25_mean",0.32809490424739,0.0425250849282409,-0.159075394564943,-0.0888716503331223,-0.324186196704445,0.212238111720342,0.0470529190123621,0.108018590398726,0.246214768412475,0.650374092031055,-0.337032787629324,-0.22637999448485,0.0852478984145441,0.168563746254188,0.0891501482949256,0.0351692549912557,-0.00240010987785889
"quart_50_mean",0.351211338362127,0.129969658568122,-0.0681848157372064,-0.0349789104316157,-0.286207546050291,0.162957885499446,-0.116816334744692,-0.0146412899056755,-0.133863729304761,-0.323158573609937,0.212019191528082,-0.245781421055054,0.202778149107152,0.268723390351645,-0.615847211018638,-0.105999269364745,0.00297626508452279
"quart_75_mean",0.345183204652657,0.218686968745728,-0.0811047044312609,0.012652563905228,-0.0759913915135971,-0.126658900482242,0.00658180762410647,0.0324510078315426,-0.119883201186132,-0.392131684872174,-0.0264548635204401,-0.472271516783226,-0.28369356388302,0.0263870358408878,0.573248717425483,0.041217204130766,-0.00148268151269318
"entropy_mean",0.269932918544811,0.244573950695223,0.107155426357476,0.192469125224346,0.283349027463819,-0.286626241286308,-0.0833582186848305,0.184912249931942,-0.391992255835488,0.480477226480497,0.469232593475399,0.0140087584997004,0.0261590894685585,0.0724048200766468,0.00455398859831525,0.0656327886142758,-0.0079889065329144
"Variance",6.12512801972102,3.60266937774423,2.54232360001957,1.33295010720774,1.14771297231649,0.609281592193688,0.555474667390849,0.327502652270699,0.19130842251874,0.165315275361124,0.156415747456235,0.089875332697593,0.0598318809706857,0.0547070093093185,0.0334489517256039,0.00602823471347565,2.61563829383833e-05
"Standard deviation",2.47489959790716,1.89806990855032,1.5944665565698,1.15453458467373,1.07131366663386,0.78056491862861,0.74530172909423,0.572278474407957,0.437388182875052,0.406589812170846,0.395494307741887,0.299792149159368,0.244605562019112,0.233895295611773,0.182890545752381,0.0776417073065479,0.0051143311330401
"Proportion of Variance",0.3603,0.21192,0.14955,0.07841,0.06751,0.03584,0.03267,0.01926,0.01125,0.00972,0.0092,0.00529,0.00352,0.00322,0.00197,0.00035,0
"Cumulative Proportion",0.3603,0.57222,0.72177,0.80018,0.86769,0.90353,0.93621,0.95547,0.96673,0.97645,0.98565,0.99094,0.99446,0.99768,0.99964,1,1
